-- Active: 1729100343840@@127.0.0.1@3306@crime_reporting_analysis
CREATE TABLE CRIMES(
    CRIME_ID INT,
    CRIME_TYPE VARCHAR(45),
    CRIME_DATE VARCHAR(45),
    CRIME_TIME VARCHAR(45),
    CRIME_LOCATION VARCHAR(20),
    PRIMARY KEY(CRIME_ID)
);

CREATE TABLE OFFICERS(
    OFFICERS_ID INT,
    CRIME_ID INT,
    FIRST_NAME VARCHAR(45),
    LAST_NAME VARCHAR(45),
    OFFICER_RANK VARCHAR(45),
    BADGE_NO VARCHAR(45),
    PRIMARY KEY(OFFICERS_ID),
    Foreign Key (CRIME_ID) REFERENCES CRIMES(CRIME_ID)
);

CREATE TABLE OFFENDERS(
    OFFENDER_ID INT,
    CRIME_ID INT,
    OFFENDERS_NAME VARCHAR(20),
    GENDER VARCHAR(45),
    NATIONALITY VARCHAR(45),
    DOB VARCHAR(20),
    PRIMARY KEY(OFFENDER_ID),
    Foreign Key (CRIME_ID) REFERENCES CRIMES (CRIME_ID)
)

CREATE TABLE ARREST(
    ARREST_ID INT,
    CRIME_ID INT,
    OFFENDER_ID INT,
    CHARGES VARCHAR(20),
    PRIMARY KEY(ARREST_ID),
    Foreign Key (CRIME_ID) REFERENCES CRIMES(CRIME_ID),
    Foreign Key (OFFENDER_ID) REFERENCES OFFENDERS(OFFENDER_ID)
);
DROP TABLE ARREST;
CREATE TABLE EVIDENCE(
    EVIDENCE_ID INT,
    EVIDENCE_TYPE VARCHAR(20),
    DESCRIPTIONS TEXT,
    PRIMARY KEY(EVIDENCE_ID)
);
CREATE TABLE ANALYSIS(
    ANALYSIS_ID INT,
    EVIDENCE_ID INT,
    ANALYSIS_TYPE VARCHAR(20),
    ANALYSIS_RESULT TEXT,
    PRIMARY KEY(ANALYSIS_ID),
    Foreign Key (EVIDENCE_ID) REFERENCES EVIDENCE  (EVIDENCE_ID)
);

SELECT * FROM arrest;
INSERT INTO CRIMES VALUES(001,'CLASS_1','5th_5_2024','2:30pm','Mukono'),
(002,'CLASS_4','11th_5_2024','5:00pm','kauga'),
(003,'CLASS_3','25th_8_2024','10:00pm','Bugujju'),
(004,'CLASS_5','30th_10_2024','1:30am','seeta');
select*from crimes;
INSERT INTO OFFICERS VALUES(100,001,'APIO','DAISY','SERGENT','Bg002'),
(200,002,'MATSIKO','DAVID','CAPTAIN','Bg012'),
(300,003,'ODONG','GERALD','CORPORAL','Bg010'),
(400,004,'OKELLO','LASLY','CORPORAL','Bg002');
INSERT INTO OFFENDERS VALUES(10,001,'JAMES','MALE','UGANDAN','1990-05-15'),
    (920,002,'SARAH','FEMALE','UGANDAN','1992-08-12'),
    (30,003,'JOHN','MALE','UGANDAN','1995-10-15'),
    (120,004,'BONY','MALE','UGANDAN','1998-01-20');
    SELECT * FROM offenders;
INSERT INTO ARREST VALUES(1,001,10,'WEAPON'),
    (2,002,200,'THEFT'),
    (3,003,300,'RAPE'),
    (4,004,400,'MURDER');
INSERT INTO EVIDENCE VALUES(1,'WEAPON','Handgun'),
    (2,'THEFT','Money'),
    (3,'RAPE','Body'),
    (4,'MURDER','Body');
    SELECT * FROM evidence;
INSERT INTO ANALYSIS VALUES(1,1,'Weapon','Not Identified'),
    (2,2,'Theft','Found'),
    (3,3,'Rape','Found'),
    (4,4,'Murder','Found');
    SELECT*FROM analysis;

    






